{"atomic_energies": "{74: -2052.02}", "avg_num_neighbors": 51.73613586425781, "mean": -10.8010835647583, "std": 2.579127311706543, "atomic_numbers": "[74]", "r_max": 6.0}